{
  "name": "ETHRION",
  "short_name": "ETHRION",
  "start_url": "/",
  "display": "standalone",
  "background_color": "#000000",
  "theme_color": "#111111",
  "lang": "ko",
  "icons": [
    {
      "src": "/icons/icon-192.png",
      "sizes": "192x192",
      "type": "image/png"
    },
    {
      "src": "/icons/icon-512.png",
      "sizes": "512x512",
      "type": "image/png"
    },
    {
      "src": "/icons/maskable-icon-192.png",
      "sizes": "192x192",
      "type": "image/png",
      "purpose": "maskable"
    },
    {
      "src": "/icons/maskable-icon-512.png",
      "sizes": "512x512",
      "type": "image/png",
      "purpose": "maskable"
    }
  ]
}